{
  "getimage_request" : {
    "transaction" : "getimage_request",
    "sampleCount" : 60,
    "errorCount" : 55,
    "errorPct" : 91.666664,
    "meanResTime" : 29.049999999999997,
    "medianResTime" : 14.0,
    "minResTime" : 0.0,
    "maxResTime" : 75.0,
    "pct1ResTime" : 61.8,
    "pct2ResTime" : 68.94999999999999,
    "pct3ResTime" : 75.0,
    "throughput" : 1.687953637540089,
    "receivedKBytesPerSec" : 43.606732737157486,
    "sentKBytesPerSec" : 0.34517333173915493
  },
  "Total" : {
    "transaction" : "Total",
    "sampleCount" : 282,
    "errorCount" : 131,
    "errorPct" : 46.4539,
    "meanResTime" : 1377.219858156029,
    "medianResTime" : 47.0,
    "minResTime" : 0.0,
    "maxResTime" : 10745.0,
    "pct1ResTime" : 5401.6,
    "pct2ResTime" : 8033.649999999995,
    "pct3ResTime" : 10368.990000000007,
    "throughput" : 7.172105089142654,
    "receivedKBytesPerSec" : 80.96557266366133,
    "sentKBytesPerSec" : 1.5271719779241586
  },
  "getdata_request" : {
    "transaction" : "getdata_request",
    "sampleCount" : 60,
    "errorCount" : 30,
    "errorPct" : 50.0,
    "meanResTime" : 3329.816666666666,
    "medianResTime" : 2524.5,
    "minResTime" : 2.0,
    "maxResTime" : 10745.0,
    "pct1ResTime" : 8683.8,
    "pct2ResTime" : 10080.55,
    "pct3ResTime" : 10745.0,
    "throughput" : 1.5260574306279726,
    "receivedKBytesPerSec" : 2.1638272328127783,
    "sentKBytesPerSec" : 0.45155800925808176
  },
  "getdata_request-1" : {
    "transaction" : "getdata_request-1",
    "sampleCount" : 45,
    "errorCount" : 15,
    "errorPct" : 33.333332,
    "meanResTime" : 4046.644444444444,
    "medianResTime" : 3424.0,
    "minResTime" : 459.0,
    "maxResTime" : 10740.0,
    "pct1ResTime" : 9308.599999999999,
    "pct2ResTime" : 10223.5,
    "pct3ResTime" : 10740.0,
    "throughput" : 1.3222460552992685,
    "receivedKBytesPerSec" : 0.9820718585637469,
    "sentKBytesPerSec" : 0.2324260644080745
  },
  "getimage_request-1" : {
    "transaction" : "getimage_request-1",
    "sampleCount" : 36,
    "errorCount" : 31,
    "errorPct" : 86.111115,
    "meanResTime" : 39.33333333333333,
    "medianResTime" : 44.5,
    "minResTime" : 1.0,
    "maxResTime" : 68.0,
    "pct1ResTime" : 55.300000000000004,
    "pct2ResTime" : 58.649999999999984,
    "pct3ResTime" : 68.0,
    "throughput" : 1.4080650838972113,
    "receivedKBytesPerSec" : 58.10048414460046,
    "sentKBytesPerSec" : 0.2406361227363398
  },
  "getimage_request-0" : {
    "transaction" : "getimage_request-0",
    "sampleCount" : 36,
    "errorCount" : 0,
    "errorPct" : 0.0,
    "meanResTime" : 5.666666666666668,
    "medianResTime" : 3.0,
    "minResTime" : 2.0,
    "maxResTime" : 29.0,
    "pct1ResTime" : 16.50000000000002,
    "pct2ResTime" : 23.89999999999999,
    "pct3ResTime" : 29.0,
    "throughput" : 1.410824156444723,
    "receivedKBytesPerSec" : 0.47532649802092725,
    "sentKBytesPerSec" : 0.23972988595838068
  },
  "getdata_request-0" : {
    "transaction" : "getdata_request-0",
    "sampleCount" : 45,
    "errorCount" : 0,
    "errorPct" : 0.0,
    "meanResTime" : 69.44444444444443,
    "medianResTime" : 8.0,
    "minResTime" : 3.0,
    "maxResTime" : 1267.0,
    "pct1ResTime" : 71.79999999999998,
    "pct2ResTime" : 742.899999999998,
    "pct3ResTime" : 1267.0,
    "throughput" : 1.5342652574156155,
    "receivedKBytesPerSec" : 0.5918308366007501,
    "sentKBytesPerSec" : 0.3356205250596659
  }
}