{
  "POST create groups" : {
    "transaction" : "POST create groups",
    "sampleCount" : 199,
    "errorCount" : 181,
    "errorPct" : 90.95477,
    "meanResTime" : 191.62814070351772,
    "medianResTime" : 107.0,
    "minResTime" : 39.0,
    "maxResTime" : 2175.0,
    "pct1ResTime" : 476.0,
    "pct2ResTime" : 909.0,
    "pct3ResTime" : 1774.0,
    "throughput" : 0.3316141610911606,
    "receivedKBytesPerSec" : 0.12131054510119231,
    "sentKBytesPerSec" : 0.21434594470458843
  },
  "PUT update user password" : {
    "transaction" : "PUT update user password",
    "sampleCount" : 111,
    "errorCount" : 96,
    "errorPct" : 86.48649,
    "meanResTime" : 303.7657657657657,
    "medianResTime" : 195.0,
    "minResTime" : 130.0,
    "maxResTime" : 2266.0,
    "pct1ResTime" : 778.4,
    "pct2ResTime" : 878.8,
    "pct3ResTime" : 2171.6799999999967,
    "throughput" : 0.19321249719319683,
    "receivedKBytesPerSec" : 0.06791096983535162,
    "sentKBytesPerSec" : 0.07622836803325345
  },
  "POST add child to group" : {
    "transaction" : "POST add child to group",
    "sampleCount" : 318,
    "errorCount" : 0,
    "errorPct" : 0.0,
    "meanResTime" : 199.5597484276729,
    "medianResTime" : 173.0,
    "minResTime" : 96.0,
    "maxResTime" : 721.0,
    "pct1ResTime" : 318.20000000000005,
    "pct2ResTime" : 342.1,
    "pct3ResTime" : 498.6100000000002,
    "throughput" : 0.5298692989062699,
    "receivedKBytesPerSec" : 0.1659258684941048,
    "sentKBytesPerSec" : 0.25406818922165864
  },
  "GET users" : {
    "transaction" : "GET users",
    "sampleCount" : 200,
    "errorCount" : 196,
    "errorPct" : 98.0,
    "meanResTime" : 1861.5449999999998,
    "medianResTime" : 256.5,
    "minResTime" : 120.0,
    "maxResTime" : 16493.0,
    "pct1ResTime" : 9775.000000000004,
    "pct2ResTime" : 12787.55,
    "pct3ResTime" : 16280.42000000001,
    "throughput" : 0.3333761166016306,
    "receivedKBytesPerSec" : 0.17318791588670546,
    "sentKBytesPerSec" : 0.10157553552705931
  },
  "GET all children groups" : {
    "transaction" : "GET all children groups",
    "sampleCount" : 285,
    "errorCount" : 0,
    "errorPct" : 0.0,
    "meanResTime" : 160.40701754385964,
    "medianResTime" : 145.0,
    "minResTime" : 90.0,
    "maxResTime" : 418.0,
    "pct1ResTime" : 230.2000000000001,
    "pct2ResTime" : 310.19999999999993,
    "pct3ResTime" : 375.2999999999994,
    "throughput" : 0.47587402195365486,
    "receivedKBytesPerSec" : 0.29347847525789034,
    "sentKBytesPerSec" : 0.16683474011851768
  },
  "GET user status" : {
    "transaction" : "GET user status",
    "sampleCount" : 186,
    "errorCount" : 157,
    "errorPct" : 84.4086,
    "meanResTime" : 238.43548387096783,
    "medianResTime" : 179.0,
    "minResTime" : 125.0,
    "maxResTime" : 1153.0,
    "pct1ResTime" : 385.1000000000002,
    "pct2ResTime" : 668.8500000000004,
    "pct3ResTime" : 1099.0599999999997,
    "throughput" : 0.31687405448870837,
    "receivedKBytesPerSec" : 0.10956764260184264,
    "sentKBytesPerSec" : 0.10517382341341501
  },
  "GET single group" : {
    "transaction" : "GET single group",
    "sampleCount" : 260,
    "errorCount" : 0,
    "errorPct" : 0.0,
    "meanResTime" : 175.51153846153866,
    "medianResTime" : 162.0,
    "minResTime" : 94.0,
    "maxResTime" : 418.0,
    "pct1ResTime" : 241.50000000000003,
    "pct2ResTime" : 305.5999999999999,
    "pct3ResTime" : 382.39,
    "throughput" : 0.4358160319956016,
    "receivedKBytesPerSec" : 0.2483958224728537,
    "sentKBytesPerSec" : 0.15491898012343652
  },
  "POST create users" : {
    "transaction" : "POST create users",
    "sampleCount" : 199,
    "errorCount" : 161,
    "errorPct" : 80.904526,
    "meanResTime" : 496.6984924623115,
    "medianResTime" : 314.0,
    "minResTime" : 173.0,
    "maxResTime" : 2928.0,
    "pct1ResTime" : 897.0,
    "pct2ResTime" : 1622.0,
    "pct3ResTime" : 2926.0,
    "throughput" : 0.33152024522502566,
    "receivedKBytesPerSec" : 0.11687383645140063,
    "sentKBytesPerSec" : 0.16055246172523802
  },
  "POST add user to group" : {
    "transaction" : "POST add user to group",
    "sampleCount" : 147,
    "errorCount" : 0,
    "errorPct" : 0.0,
    "meanResTime" : 176.29251700680277,
    "medianResTime" : 165.0,
    "minResTime" : 108.0,
    "maxResTime" : 400.0,
    "pct1ResTime" : 250.20000000000002,
    "pct2ResTime" : 292.4,
    "pct3ResTime" : 382.72000000000037,
    "throughput" : 0.25224099825662005,
    "receivedKBytesPerSec" : 0.07900126131223661,
    "sentKBytesPerSec" : 0.11626733513391081
  },
  "GET all groups" : {
    "transaction" : "GET all groups",
    "sampleCount" : 237,
    "errorCount" : 0,
    "errorPct" : 0.0,
    "meanResTime" : 345.03375527426164,
    "medianResTime" : 330.0,
    "minResTime" : 228.0,
    "maxResTime" : 640.0,
    "pct1ResTime" : 430.20000000000005,
    "pct2ResTime" : 478.1,
    "pct3ResTime" : 580.0400000000002,
    "throughput" : 0.39638669278024286,
    "receivedKBytesPerSec" : 3.100666500913195,
    "sentKBytesPerSec" : 0.11419343200212076
  },
  "Total" : {
    "transaction" : "Total",
    "sampleCount" : 2563,
    "errorCount" : 1037,
    "errorPct" : 40.4604,
    "meanResTime" : 392.40928599297735,
    "medianResTime" : 199.0,
    "minResTime" : 39.0,
    "maxResTime" : 16493.0,
    "pct1ResTime" : 425.5999999999999,
    "pct2ResTime" : 801.0,
    "pct3ResTime" : 6015.720000000153,
    "throughput" : 4.269780846792666,
    "receivedKBytesPerSec" : 6.4137200080381165,
    "sentKBytesPerSec" : 1.7062532407561661
  },
  "GET user availability" : {
    "transaction" : "GET user availability",
    "sampleCount" : 165,
    "errorCount" : 140,
    "errorPct" : 84.84849,
    "meanResTime" : 288.81818181818176,
    "medianResTime" : 203.0,
    "minResTime" : 121.0,
    "maxResTime" : 1626.0,
    "pct1ResTime" : 518.6000000000007,
    "pct2ResTime" : 883.8999999999992,
    "pct3ResTime" : 1625.34,
    "throughput" : 0.2836674592163557,
    "receivedKBytesPerSec" : 0.09926850059828045,
    "sentKBytesPerSec" : 0.09276275128209095
  },
  "GET user groups" : {
    "transaction" : "GET user groups",
    "sampleCount" : 134,
    "errorCount" : 0,
    "errorPct" : 0.0,
    "meanResTime" : 384.8507462686566,
    "medianResTime" : 349.0,
    "minResTime" : 234.0,
    "maxResTime" : 1161.0,
    "pct1ResTime" : 474.0,
    "pct2ResTime" : 622.0,
    "pct3ResTime" : 1143.1500000000003,
    "throughput" : 0.23068765580024514,
    "receivedKBytesPerSec" : 1.8414108847345028,
    "sentKBytesPerSec" : 0.07546910614558802
  },
  "PUT update user profile" : {
    "transaction" : "PUT update user profile",
    "sampleCount" : 122,
    "errorCount" : 106,
    "errorPct" : 86.88525,
    "meanResTime" : 464.50819672131166,
    "medianResTime" : 193.5,
    "minResTime" : 126.0,
    "maxResTime" : 3136.0,
    "pct1ResTime" : 1463.5,
    "pct2ResTime" : 1802.35,
    "pct3ResTime" : 3051.5899999999983,
    "throughput" : 0.21063899583901655,
    "receivedKBytesPerSec" : 0.08446433542965175,
    "sentKBytesPerSec" : 0.09338877354581397
  }
}