{
  "getimage_request" : {
    "transaction" : "getimage_request",
    "sampleCount" : 20,
    "errorCount" : 10,
    "errorPct" : 50.0,
    "meanResTime" : 10.950000000000001,
    "medianResTime" : 11.5,
    "minResTime" : 1.0,
    "maxResTime" : 47.0,
    "pct1ResTime" : 19.800000000000004,
    "pct2ResTime" : 45.64999999999998,
    "pct3ResTime" : 47.0,
    "throughput" : 0.6082170118298208,
    "receivedKBytesPerSec" : 90.34769699578808,
    "sentKBytesPerSec" : 0.11401099162181065
  },
  "Total" : {
    "transaction" : "Total",
    "sampleCount" : 88,
    "errorCount" : 22,
    "errorPct" : 25.0,
    "meanResTime" : 1222.5909090909097,
    "medianResTime" : 13.5,
    "minResTime" : 1.0,
    "maxResTime" : 8184.0,
    "pct1ResTime" : 4272.700000000007,
    "pct2ResTime" : 5637.999999999997,
    "pct3ResTime" : 8184.0,
    "throughput" : 2.3178633514196916,
    "receivedKBytesPerSec" : 157.1073666240847,
    "sentKBytesPerSec" : 0.4746228533424643
  },
  "getdata_request" : {
    "transaction" : "getdata_request",
    "sampleCount" : 20,
    "errorCount" : 9,
    "errorPct" : 45.0,
    "meanResTime" : 2843.75,
    "medianResTime" : 2815.0,
    "minResTime" : 2.0,
    "maxResTime" : 8184.0,
    "pct1ResTime" : 6073.300000000002,
    "pct2ResTime" : 8083.999999999998,
    "pct3ResTime" : 8184.0,
    "throughput" : 0.5268148772521336,
    "receivedKBytesPerSec" : 0.780267366781688,
    "sentKBytesPerSec" : 0.13857186248814668
  },
  "getdata_request-1" : {
    "transaction" : "getdata_request-1",
    "sampleCount" : 13,
    "errorCount" : 2,
    "errorPct" : 15.384615,
    "meanResTime" : 3845.538461538462,
    "medianResTime" : 2956.0,
    "minResTime" : 2536.0,
    "maxResTime" : 8176.0,
    "pct1ResTime" : 7344.4,
    "pct2ResTime" : 8176.0,
    "pct3ResTime" : 8176.0,
    "throughput" : 0.43162123576479966,
    "receivedKBytesPerSec" : 0.2812087573458614,
    "sentKBytesPerSec" : 0.08024808883097048
  },
  "getimage_request-1" : {
    "transaction" : "getimage_request-1",
    "sampleCount" : 11,
    "errorCount" : 1,
    "errorPct" : 9.090909,
    "meanResTime" : 14.363636363636362,
    "medianResTime" : 11.0,
    "minResTime" : 9.0,
    "maxResTime" : 44.0,
    "pct1ResTime" : 38.40000000000002,
    "pct2ResTime" : 44.0,
    "pct3ResTime" : 44.0,
    "throughput" : 0.6071645415907712,
    "receivedKBytesPerSec" : 162.66614014116576,
    "sentKBytesPerSec" : 0.10376347146326655
  },
  "getimage_request-0" : {
    "transaction" : "getimage_request-0",
    "sampleCount" : 11,
    "errorCount" : 0,
    "errorPct" : 0.0,
    "meanResTime" : 2.6363636363636362,
    "medianResTime" : 2.0,
    "minResTime" : 1.0,
    "maxResTime" : 6.0,
    "pct1ResTime" : 5.400000000000002,
    "pct2ResTime" : 6.0,
    "pct3ResTime" : 6.0,
    "throughput" : 0.6073656893600574,
    "receivedKBytesPerSec" : 0.20463004182540998,
    "sentKBytesPerSec" : 0.1032047167467285
  },
  "getdata_request-0" : {
    "transaction" : "getdata_request-0",
    "sampleCount" : 13,
    "errorCount" : 0,
    "errorPct" : 0.0,
    "meanResTime" : 24.23076923076923,
    "medianResTime" : 12.0,
    "minResTime" : 6.0,
    "maxResTime" : 87.0,
    "pct1ResTime" : 87.0,
    "pct2ResTime" : 87.0,
    "pct3ResTime" : 87.0,
    "throughput" : 0.5406079760469081,
    "receivedKBytesPerSec" : 0.20853530326028194,
    "sentKBytesPerSec" : 0.11825799476026115
  }
}