{
  "gateway health Request" : {
    "transaction" : "gateway health Request",
    "sampleCount" : 188,
    "errorCount" : 0,
    "errorPct" : 0.0,
    "meanResTime" : 182.42553191489372,
    "medianResTime" : 90.0,
    "minResTime" : 1.0,
    "maxResTime" : 3790.0,
    "pct1ResTime" : 511.5999999999995,
    "pct2ResTime" : 896.7499999999999,
    "pct3ResTime" : 3288.039999999992,
    "throughput" : 0.314844060081625,
    "receivedKBytesPerSec" : 0.07686622560586548,
    "sentKBytesPerSec" : 0.04458241085140198
  },
  "getStatus Request" : {
    "transaction" : "getStatus Request",
    "sampleCount" : 1017,
    "errorCount" : 0,
    "errorPct" : 0.0,
    "meanResTime" : 1406.794493608652,
    "medianResTime" : 91.0,
    "minResTime" : 1.0,
    "maxResTime" : 64493.0,
    "pct1ResTime" : 3321.000000000004,
    "pct2ResTime" : 7716.899999999981,
    "pct3ResTime" : 18117.939999999897,
    "throughput" : 1.73302546712449,
    "receivedKBytesPerSec" : 0.5752305668330961,
    "sentKBytesPerSec" : 0.3994082131263472
  },
  "getHistory Request" : {
    "transaction" : "getHistory Request",
    "sampleCount" : 1061,
    "errorCount" : 407,
    "errorPct" : 38.36004,
    "meanResTime" : 3298.19698397738,
    "medianResTime" : 200.0,
    "minResTime" : 3.0,
    "maxResTime" : 65897.0,
    "pct1ResTime" : 9997.4,
    "pct2ResTime" : 20428.79999999998,
    "pct3ResTime" : 34253.15999999992,
    "throughput" : 1.7656172255014368,
    "receivedKBytesPerSec" : 5.020351570105488,
    "sentKBytesPerSec" : 0.3379501720686344
  },
  "Total" : {
    "transaction" : "Total",
    "sampleCount" : 3858,
    "errorCount" : 640,
    "errorPct" : 16.588905,
    "meanResTime" : 2211.1047174701903,
    "medianResTime" : 103.0,
    "minResTime" : 0.0,
    "maxResTime" : 65900.0,
    "pct1ResTime" : 5891.299999999999,
    "pct2ResTime" : 11790.499999999996,
    "pct3ResTime" : 31839.039999999994,
    "throughput" : 6.4201237096932555,
    "receivedKBytesPerSec" : 8.312434059771386,
    "sentKBytesPerSec" : 1.545982765782804
  },
  "getAllHistory Request" : {
    "transaction" : "getAllHistory Request",
    "sampleCount" : 374,
    "errorCount" : 149,
    "errorPct" : 39.839573,
    "meanResTime" : 3828.959893048125,
    "medianResTime" : 200.0,
    "minResTime" : 4.0,
    "maxResTime" : 65600.0,
    "pct1ResTime" : 9953.5,
    "pct2ResTime" : 26625.0,
    "pct3ResTime" : 64408.25,
    "throughput" : 0.6231027853027713,
    "receivedKBytesPerSec" : 1.7333999831520672,
    "sentKBytesPerSec" : 0.12474225682330871
  },
  "registry health Request" : {
    "transaction" : "registry health Request",
    "sampleCount" : 188,
    "errorCount" : 84,
    "errorPct" : 44.68085,
    "meanResTime" : 465.40957446808517,
    "medianResTime" : 2.0,
    "minResTime" : 0.0,
    "maxResTime" : 15813.0,
    "pct1ResTime" : 1030.1,
    "pct2ResTime" : 2092.1499999999996,
    "pct3ResTime" : 8414.429999999877,
    "throughput" : 0.31570427241920157,
    "receivedKBytesPerSec" : 0.4124316717506809,
    "sentKBytesPerSec" : 0.02496778147638767
  },
  "getData Request" : {
    "transaction" : "getData Request",
    "sampleCount" : 1030,
    "errorCount" : 0,
    "errorPct" : 0.0,
    "meanResTime" : 1986.91359223301,
    "medianResTime" : 105.0,
    "minResTime" : 3.0,
    "maxResTime" : 65900.0,
    "pct1ResTime" : 4595.199999999998,
    "pct2ResTime" : 8788.249999999987,
    "pct3ResTime" : 32024.54999999998,
    "throughput" : 1.715460126377781,
    "receivedKBytesPerSec" : 0.5143029871074011,
    "sentKBytesPerSec" : 0.624869753065344
  }
}