{
  "getimage_request" : {
    "transaction" : "getimage_request",
    "sampleCount" : 60,
    "errorCount" : 56,
    "errorPct" : 93.333336,
    "meanResTime" : 34.68333333333334,
    "medianResTime" : 46.5,
    "minResTime" : 3.0,
    "maxResTime" : 77.0,
    "pct1ResTime" : 61.0,
    "pct2ResTime" : 74.74999999999997,
    "pct3ResTime" : 77.0,
    "throughput" : 1.490646195125587,
    "receivedKBytesPerSec" : 30.329603612332615,
    "sentKBytesPerSec" : 0.5080425020496385
  },
  "Total" : {
    "transaction" : "Total",
    "sampleCount" : 360,
    "errorCount" : 120,
    "errorPct" : 33.333332,
    "meanResTime" : 690.8999999999996,
    "medianResTime" : 45.0,
    "minResTime" : 1.0,
    "maxResTime" : 5970.0,
    "pct1ResTime" : 2172.6000000000054,
    "pct2ResTime" : 3500.7999999999975,
    "pct3ResTime" : 5405.73,
    "throughput" : 8.541938545497686,
    "receivedKBytesPerSec" : 59.87485540989441,
    "sentKBytesPerSec" : 2.218902004982797
  },
  "getdata_request" : {
    "transaction" : "getdata_request",
    "sampleCount" : 60,
    "errorCount" : 4,
    "errorPct" : 6.6666665,
    "meanResTime" : 2038.2666666666667,
    "medianResTime" : 1413.0,
    "minResTime" : 457.0,
    "maxResTime" : 5970.0,
    "pct1ResTime" : 4213.099999999999,
    "pct2ResTime" : 4992.799999999997,
    "pct3ResTime" : 5970.0,
    "throughput" : 1.4241295008426098,
    "receivedKBytesPerSec" : 0.9711617484749947,
    "sentKBytesPerSec" : 0.6244474080843084
  },
  "getdata_request-1" : {
    "transaction" : "getdata_request-1",
    "sampleCount" : 60,
    "errorCount" : 4,
    "errorPct" : 6.6666665,
    "meanResTime" : 2025.6499999999996,
    "medianResTime" : 1394.0,
    "minResTime" : 453.0,
    "maxResTime" : 5958.0,
    "pct1ResTime" : 4208.799999999999,
    "pct2ResTime" : 4984.099999999997,
    "pct3ResTime" : 5958.0,
    "throughput" : 1.4249412211746264,
    "receivedKBytesPerSec" : 0.4220553441233049,
    "sentKBytesPerSec" : 0.31309743629325293
  },
  "getimage_request-1" : {
    "transaction" : "getimage_request-1",
    "sampleCount" : 60,
    "errorCount" : 56,
    "errorPct" : 93.333336,
    "meanResTime" : 30.26666666666667,
    "medianResTime" : 44.0,
    "minResTime" : 1.0,
    "maxResTime" : 72.0,
    "pct1ResTime" : 50.8,
    "pct2ResTime" : 58.0,
    "pct3ResTime" : 72.0,
    "throughput" : 1.4907573047107932,
    "receivedKBytesPerSec" : 29.829607216507654,
    "sentKBytesPerSec" : 0.25476809406678597
  },
  "getimage_request-0" : {
    "transaction" : "getimage_request-0",
    "sampleCount" : 60,
    "errorCount" : 0,
    "errorPct" : 0.0,
    "meanResTime" : 4.25,
    "medianResTime" : 3.0,
    "minResTime" : 1.0,
    "maxResTime" : 26.0,
    "pct1ResTime" : 9.899999999999999,
    "pct2ResTime" : 12.949999999999996,
    "pct3ResTime" : 26.0,
    "throughput" : 1.4910536779324055,
    "receivedKBytesPerSec" : 0.5023569520377733,
    "sentKBytesPerSec" : 0.2533626366799205
  },
  "getdata_request-0" : {
    "transaction" : "getdata_request-0",
    "sampleCount" : 60,
    "errorCount" : 0,
    "errorPct" : 0.0,
    "meanResTime" : 12.283333333333333,
    "medianResTime" : 4.0,
    "minResTime" : 2.0,
    "maxResTime" : 116.0,
    "pct1ResTime" : 24.0,
    "pct2ResTime" : 52.54999999999996,
    "pct3ResTime" : 116.0,
    "throughput" : 1.5258633843649867,
    "receivedKBytesPerSec" : 0.5885898797111031,
    "sentKBytesPerSec" : 0.33378261532984077
  }
}