{
  "POST create users" : {
    "transaction" : "POST create users",
    "sampleCount" : 39,
    "errorCount" : 4,
    "errorPct" : 10.256411,
    "meanResTime" : 759.6410256410256,
    "medianResTime" : 732.0,
    "minResTime" : 221.0,
    "maxResTime" : 1272.0,
    "pct1ResTime" : 1216.0,
    "pct2ResTime" : 1252.0,
    "pct3ResTime" : 1272.0,
    "throughput" : 0.06494522952310218,
    "receivedKBytesPerSec" : 0.02180940687936507,
    "sentKBytesPerSec" : 0.03145134061941097
  },
  "POST create groups" : {
    "transaction" : "POST create groups",
    "sampleCount" : 39,
    "errorCount" : 4,
    "errorPct" : 10.256411,
    "meanResTime" : 1017.7179487179488,
    "medianResTime" : 639.0,
    "minResTime" : 429.0,
    "maxResTime" : 10407.0,
    "pct1ResTime" : 1285.0,
    "pct2ResTime" : 1330.0,
    "pct3ResTime" : 10407.0,
    "throughput" : 0.06495355820588279,
    "receivedKBytesPerSec" : 0.035451540169612064,
    "sentKBytesPerSec" : 0.041988207598233934
  },
  "GET single group" : {
    "transaction" : "GET single group",
    "sampleCount" : 98,
    "errorCount" : 0,
    "errorPct" : 0.0,
    "meanResTime" : 177.16326530612244,
    "medianResTime" : 161.5,
    "minResTime" : 95.0,
    "maxResTime" : 472.0,
    "pct1ResTime" : 262.70000000000016,
    "pct2ResTime" : 289.15,
    "pct3ResTime" : 472.0,
    "throughput" : 0.16491569946974555,
    "receivedKBytesPerSec" : 0.09397460298228165,
    "sentKBytesPerSec" : 0.058622377545886104
  },
  "PUT update user password" : {
    "transaction" : "PUT update user password",
    "sampleCount" : 37,
    "errorCount" : 3,
    "errorPct" : 8.1081085,
    "meanResTime" : 682.5135135135134,
    "medianResTime" : 675.0,
    "minResTime" : 199.0,
    "maxResTime" : 1268.0,
    "pct1ResTime" : 874.4000000000002,
    "pct2ResTime" : 1013.3000000000004,
    "pct3ResTime" : 1268.0,
    "throughput" : 0.06285248352245702,
    "receivedKBytesPerSec" : 0.01992839116752735,
    "sentKBytesPerSec" : 0.024797268889719375
  },
  "POST add child to group" : {
    "transaction" : "POST add child to group",
    "sampleCount" : 135,
    "errorCount" : 0,
    "errorPct" : 0.0,
    "meanResTime" : 180.5333333333334,
    "medianResTime" : 171.0,
    "minResTime" : 89.0,
    "maxResTime" : 547.0,
    "pct1ResTime" : 243.40000000000012,
    "pct2ResTime" : 305.4,
    "pct3ResTime" : 474.99999999999727,
    "throughput" : 0.22567174957456695,
    "receivedKBytesPerSec" : 0.07061547215962849,
    "sentKBytesPerSec" : 0.1082078408604613
  },
  "POST add user to group" : {
    "transaction" : "POST add user to group",
    "sampleCount" : 61,
    "errorCount" : 0,
    "errorPct" : 0.0,
    "meanResTime" : 196.0655737704918,
    "medianResTime" : 180.0,
    "minResTime" : 109.0,
    "maxResTime" : 507.0,
    "pct1ResTime" : 291.20000000000005,
    "pct2ResTime" : 302.4,
    "pct3ResTime" : 507.0,
    "throughput" : 0.10300887227237572,
    "receivedKBytesPerSec" : 0.032262832625780585,
    "sentKBytesPerSec" : 0.04748065206304818
  },
  "Total" : {
    "transaction" : "Total",
    "sampleCount" : 776,
    "errorCount" : 29,
    "errorPct" : 3.7371135,
    "meanResTime" : 425.403350515464,
    "medianResTime" : 256.0,
    "minResTime" : 89.0,
    "maxResTime" : 10407.0,
    "pct1ResTime" : 832.2000000000003,
    "pct2ResTime" : 1527.9499999999998,
    "pct3ResTime" : 1886.4400000000005,
    "throughput" : 1.2922435412801871,
    "receivedKBytesPerSec" : 1.7858539558722146,
    "sentKBytesPerSec" : 0.5241998518749188
  },
  "GET all children groups" : {
    "transaction" : "GET all children groups",
    "sampleCount" : 116,
    "errorCount" : 0,
    "errorPct" : 0.0,
    "meanResTime" : 172.36206896551727,
    "medianResTime" : 155.0,
    "minResTime" : 93.0,
    "maxResTime" : 534.0,
    "pct1ResTime" : 254.2,
    "pct2ResTime" : 304.74999999999994,
    "pct3ResTime" : 511.0499999999998,
    "throughput" : 0.19455285548244913,
    "receivedKBytesPerSec" : 0.1199789561107207,
    "sentKBytesPerSec" : 0.06820749523261645
  },
  "GET user availability" : {
    "transaction" : "GET user availability",
    "sampleCount" : 71,
    "errorCount" : 5,
    "errorPct" : 7.0422535,
    "meanResTime" : 346.77464788732385,
    "medianResTime" : 297.0,
    "minResTime" : 222.0,
    "maxResTime" : 752.0,
    "pct1ResTime" : 499.2,
    "pct2ResTime" : 669.0,
    "pct3ResTime" : 752.0,
    "throughput" : 0.11905320840012609,
    "receivedKBytesPerSec" : 0.03776087953492116,
    "sentKBytesPerSec" : 0.03894315859061123
  },
  "GET user groups" : {
    "transaction" : "GET user groups",
    "sampleCount" : 53,
    "errorCount" : 0,
    "errorPct" : 0.0,
    "meanResTime" : 584.3396226415095,
    "medianResTime" : 565.0,
    "minResTime" : 298.0,
    "maxResTime" : 1007.0,
    "pct1ResTime" : 757.6,
    "pct2ResTime" : 805.2999999999997,
    "pct3ResTime" : 1007.0,
    "throughput" : 0.08941299525098902,
    "receivedKBytesPerSec" : 1.2820085738416378,
    "sentKBytesPerSec" : 0.02925132168855598
  },
  "GET user status" : {
    "transaction" : "GET user status",
    "sampleCount" : 82,
    "errorCount" : 7,
    "errorPct" : 8.536586,
    "meanResTime" : 373.0609756097562,
    "medianResTime" : 321.0,
    "minResTime" : 184.0,
    "maxResTime" : 1305.0,
    "pct1ResTime" : 564.0000000000002,
    "pct2ResTime" : 704.2999999999997,
    "pct3ResTime" : 1305.0,
    "throughput" : 0.1393853784737981,
    "receivedKBytesPerSec" : 0.04457217984708404,
    "sentKBytesPerSec" : 0.04627366151790677
  },
  "PUT update user profile" : {
    "transaction" : "PUT update user profile",
    "sampleCount" : 45,
    "errorCount" : 6,
    "errorPct" : 13.333333,
    "meanResTime" : 1681.622222222222,
    "medianResTime" : 1652.0,
    "minResTime" : 672.0,
    "maxResTime" : 2455.0,
    "pct1ResTime" : 2014.3999999999999,
    "pct2ResTime" : 2122.4,
    "pct3ResTime" : 2455.0,
    "throughput" : 0.07602828252109785,
    "receivedKBytesPerSec" : 0.04885246131005178,
    "sentKBytesPerSec" : 0.03370785182087737
  }
}