{
  "POST create groups" : {
    "transaction" : "POST create groups",
    "sampleCount" : 400,
    "errorCount" : 398,
    "errorPct" : 99.5,
    "meanResTime" : 112.2775,
    "medianResTime" : 87.0,
    "minResTime" : 29.0,
    "maxResTime" : 2074.0,
    "pct1ResTime" : 117.0,
    "pct2ResTime" : 140.74999999999994,
    "pct3ResTime" : 1095.0,
    "throughput" : 0.6666011175567736,
    "receivedKBytesPerSec" : 0.2314258108369344,
    "sentKBytesPerSec" : 0.43086420720712465
  },
  "PUT update user password" : {
    "transaction" : "PUT update user password",
    "sampleCount" : 400,
    "errorCount" : 389,
    "errorPct" : 97.25,
    "meanResTime" : 190.20749999999995,
    "medianResTime" : 143.0,
    "minResTime" : 99.0,
    "maxResTime" : 2164.0,
    "pct1ResTime" : 233.90000000000003,
    "pct2ResTime" : 364.24999999999983,
    "pct3ResTime" : 1150.91,
    "throughput" : 0.6682146973822689,
    "receivedKBytesPerSec" : 0.23786224545196372,
    "sentKBytesPerSec" : 0.2636315798265983
  },
  "POST add child to group" : {
    "transaction" : "POST add child to group",
    "sampleCount" : 814,
    "errorCount" : 0,
    "errorPct" : 0.0,
    "meanResTime" : 136.7923832923833,
    "medianResTime" : 119.0,
    "minResTime" : 70.0,
    "maxResTime" : 608.0,
    "pct1ResTime" : 197.5,
    "pct2ResTime" : 233.5,
    "pct3ResTime" : 387.15000000000043,
    "throughput" : 1.3562236336130198,
    "receivedKBytesPerSec" : 0.42411763980016526,
    "sentKBytesPerSec" : 0.6502986368203053
  },
  "GET users" : {
    "transaction" : "GET users",
    "sampleCount" : 485,
    "errorCount" : 485,
    "errorPct" : 100.0,
    "meanResTime" : 368.78556701030914,
    "medianResTime" : 161.0,
    "minResTime" : 93.0,
    "maxResTime" : 9849.0,
    "pct1ResTime" : 263.80000000000007,
    "pct2ResTime" : 805.6999999999985,
    "pct3ResTime" : 7730.579999999992,
    "throughput" : 0.8081070633555938,
    "receivedKBytesPerSec" : 0.2853042293991016,
    "sentKBytesPerSec" : 0.24622012086615747
  },
  "GET all children groups" : {
    "transaction" : "GET all children groups",
    "sampleCount" : 784,
    "errorCount" : 0,
    "errorPct" : 0.0,
    "meanResTime" : 130.82397959183686,
    "medianResTime" : 112.0,
    "minResTime" : 76.0,
    "maxResTime" : 644.0,
    "pct1ResTime" : 192.0,
    "pct2ResTime" : 232.5,
    "pct3ResTime" : 397.99999999999955,
    "throughput" : 1.3083609941540961,
    "receivedKBytesPerSec" : 0.8064968874275521,
    "sentKBytesPerSec" : 0.45869296572394586
  },
  "GET user status" : {
    "transaction" : "GET user status",
    "sampleCount" : 470,
    "errorCount" : 461,
    "errorPct" : 98.085106,
    "meanResTime" : 179.57446808510653,
    "medianResTime" : 146.0,
    "minResTime" : 100.0,
    "maxResTime" : 1438.0,
    "pct1ResTime" : 256.90000000000003,
    "pct2ResTime" : 335.79999999999995,
    "pct3ResTime" : 802.3200000000002,
    "throughput" : 0.7836729249341381,
    "receivedKBytesPerSec" : 0.2747561052497749,
    "sentKBytesPerSec" : 0.26012899860773003
  },
  "POST create users" : {
    "transaction" : "POST create users",
    "sampleCount" : 399,
    "errorCount" : 390,
    "errorPct" : 97.74436,
    "meanResTime" : 244.19799498746855,
    "medianResTime" : 197.0,
    "minResTime" : 113.0,
    "maxResTime" : 1674.0,
    "pct1ResTime" : 337.0,
    "pct2ResTime" : 698.0,
    "pct3ResTime" : 1089.0,
    "throughput" : 0.6647374287156573,
    "receivedKBytesPerSec" : 0.23751848488597005,
    "sentKBytesPerSec" : 0.3219171135734718
  },
  "GET single group" : {
    "transaction" : "GET single group",
    "sampleCount" : 761,
    "errorCount" : 0,
    "errorPct" : 0.0,
    "meanResTime" : 134.53745072273315,
    "medianResTime" : 115.0,
    "minResTime" : 72.0,
    "maxResTime" : 682.0,
    "pct1ResTime" : 202.80000000000007,
    "pct2ResTime" : 244.4999999999999,
    "pct3ResTime" : 384.41999999999996,
    "throughput" : 1.269450449729095,
    "receivedKBytesPerSec" : 0.7230630532994035,
    "sentKBytesPerSec" : 0.4512499645521392
  },
  "POST add user to group" : {
    "transaction" : "POST add user to group",
    "sampleCount" : 438,
    "errorCount" : 0,
    "errorPct" : 0.0,
    "meanResTime" : 145.30593607305943,
    "medianResTime" : 127.5,
    "minResTime" : 83.0,
    "maxResTime" : 503.0,
    "pct1ResTime" : 215.10000000000002,
    "pct2ResTime" : 282.14999999999986,
    "pct3ResTime" : 360.9100000000004,
    "throughput" : 0.7316290941162322,
    "receivedKBytesPerSec" : 0.22893587064279797,
    "sentKBytesPerSec" : 0.33723528556920074
  },
  "GET all groups" : {
    "transaction" : "GET all groups",
    "sampleCount" : 735,
    "errorCount" : 1,
    "errorPct" : 0.13605443,
    "meanResTime" : 311.48707482993177,
    "medianResTime" : 297.0,
    "minResTime" : 170.0,
    "maxResTime" : 778.0,
    "pct1ResTime" : 387.4,
    "pct2ResTime" : 451.19999999999993,
    "pct3ResTime" : 568.2399999999998,
    "throughput" : 1.2261791756405744,
    "receivedKBytesPerSec" : 10.197498651828509,
    "sentKBytesPerSec" : 0.353244977357392
  },
  "Total" : {
    "transaction" : "Total",
    "sampleCount" : 6980,
    "errorCount" : 2970,
    "errorPct" : 42.550144,
    "meanResTime" : 202.10401146131773,
    "medianResTime" : 145.0,
    "minResTime" : 29.0,
    "maxResTime" : 9849.0,
    "pct1ResTime" : 316.0,
    "pct2ResTime" : 371.9499999999998,
    "pct3ResTime" : 977.799999999992,
    "throughput" : 11.62837189465828,
    "receivedKBytesPerSec" : 20.061108562430032,
    "sentKBytesPerSec" : 4.555429396998948
  },
  "GET user availability" : {
    "transaction" : "GET user availability",
    "sampleCount" : 451,
    "errorCount" : 439,
    "errorPct" : 97.33925,
    "meanResTime" : 190.88470066518852,
    "medianResTime" : 145.0,
    "minResTime" : 94.0,
    "maxResTime" : 1636.0,
    "pct1ResTime" : 269.0000000000001,
    "pct2ResTime" : 380.99999999999955,
    "pct3ResTime" : 1142.2800000000002,
    "throughput" : 0.7540948520903977,
    "receivedKBytesPerSec" : 0.26775344212531016,
    "sentKBytesPerSec" : 0.24662747379896602
  },
  "GET user groups" : {
    "transaction" : "GET user groups",
    "sampleCount" : 426,
    "errorCount" : 0,
    "errorPct" : 0.0,
    "meanResTime" : 325.91314553990594,
    "medianResTime" : 312.0,
    "minResTime" : 217.0,
    "maxResTime" : 685.0,
    "pct1ResTime" : 391.3,
    "pct2ResTime" : 479.2499999999999,
    "pct3ResTime" : 602.1100000000001,
    "throughput" : 0.7132070543878976,
    "receivedKBytesPerSec" : 5.939463320585734,
    "sentKBytesPerSec" : 0.2333245734569782
  },
  "PUT update user profile" : {
    "transaction" : "PUT update user profile",
    "sampleCount" : 417,
    "errorCount" : 407,
    "errorPct" : 97.60192,
    "meanResTime" : 228.25659472422038,
    "medianResTime" : 148.0,
    "minResTime" : 104.0,
    "maxResTime" : 4394.0,
    "pct1ResTime" : 250.2,
    "pct2ResTime" : 460.49999999999744,
    "pct3ResTime" : 2124.4999999999995,
    "throughput" : 0.6964032525538961,
    "receivedKBytesPerSec" : 0.2558899672423266,
    "sentKBytesPerSec" : 0.3087569108002625
  }
}