{
  "getimage_request" : {
    "transaction" : "getimage_request",
    "sampleCount" : 10,
    "errorCount" : 0,
    "errorPct" : 0.0,
    "meanResTime" : 15.0,
    "medianResTime" : 14.0,
    "minResTime" : 11.0,
    "maxResTime" : 21.0,
    "pct1ResTime" : 20.9,
    "pct2ResTime" : 21.0,
    "pct3ResTime" : 21.0,
    "throughput" : 0.26901245527667933,
    "receivedKBytesPerSec" : 79.35867430662039,
    "sentKBytesPerSec" : 0.09168490907379011
  },
  "Total" : {
    "transaction" : "Total",
    "sampleCount" : 60,
    "errorCount" : 0,
    "errorPct" : 0.0,
    "meanResTime" : 1112.1833333333327,
    "medianResTime" : 14.0,
    "minResTime" : 2.0,
    "maxResTime" : 4870.0,
    "pct1ResTime" : 4123.7,
    "pct2ResTime" : 4606.55,
    "pct3ResTime" : 4870.0,
    "throughput" : 1.494172726367168,
    "receivedKBytesPerSec" : 147.27766787653152,
    "sentKBytesPerSec" : 0.3881347121227214
  },
  "getdata_request" : {
    "transaction" : "getdata_request",
    "sampleCount" : 10,
    "errorCount" : 0,
    "errorPct" : 0.0,
    "meanResTime" : 3321.8000000000006,
    "medianResTime" : 2856.0,
    "minResTime" : 2433.0,
    "maxResTime" : 4870.0,
    "pct1ResTime" : 4843.7,
    "pct2ResTime" : 4870.0,
    "pct3ResTime" : 4870.0,
    "throughput" : 0.24917150474671715,
    "receivedKBytesPerSec" : 0.17544204582263973,
    "sentKBytesPerSec" : 0.10925586487429297
  },
  "getdata_request-1" : {
    "transaction" : "getdata_request-1",
    "sampleCount" : 10,
    "errorCount" : 0,
    "errorPct" : 0.0,
    "meanResTime" : 3308.8,
    "medianResTime" : 2838.0,
    "minResTime" : 2425.0,
    "maxResTime" : 4860.0,
    "pct1ResTime" : 4833.8,
    "pct2ResTime" : 4860.0,
    "pct3ResTime" : 4860.0,
    "throughput" : 0.2493206013612905,
    "receivedKBytesPerSec" : 0.07937355082400459,
    "sentKBytesPerSec" : 0.054782358697549174
  },
  "getimage_request-1" : {
    "transaction" : "getimage_request-1",
    "sampleCount" : 10,
    "errorCount" : 0,
    "errorPct" : 0.0,
    "meanResTime" : 12.200000000000001,
    "medianResTime" : 11.5,
    "minResTime" : 9.0,
    "maxResTime" : 16.0,
    "pct1ResTime" : 16.0,
    "pct2ResTime" : 16.0,
    "pct3ResTime" : 16.0,
    "throughput" : 0.26902692959565255,
    "receivedKBytesPerSec" : 79.27230527494552,
    "sentKBytesPerSec" : 0.045976281913319525
  },
  "getimage_request-0" : {
    "transaction" : "getimage_request-0",
    "sampleCount" : 10,
    "errorCount" : 0,
    "errorPct" : 0.0,
    "meanResTime" : 2.6,
    "medianResTime" : 2.0,
    "minResTime" : 2.0,
    "maxResTime" : 4.0,
    "pct1ResTime" : 4.0,
    "pct2ResTime" : 4.0,
    "pct3ResTime" : 4.0,
    "throughput" : 0.2691355366562601,
    "receivedKBytesPerSec" : 0.09067554701797825,
    "sentKBytesPerSec" : 0.045732015017762945
  },
  "getdata_request-0" : {
    "transaction" : "getdata_request-0",
    "sampleCount" : 10,
    "errorCount" : 0,
    "errorPct" : 0.0,
    "meanResTime" : 12.7,
    "medianResTime" : 9.0,
    "minResTime" : 6.0,
    "maxResTime" : 36.0,
    "pct1ResTime" : 34.800000000000004,
    "pct2ResTime" : 36.0,
    "pct3ResTime" : 36.0,
    "throughput" : 0.27801718146181437,
    "receivedKBytesPerSec" : 0.1072429557396647,
    "sentKBytesPerSec" : 0.060816258444771884
  }
}