{
  "gateway health Request" : {
    "transaction" : "gateway health Request",
    "sampleCount" : 117,
    "errorCount" : 0,
    "errorPct" : 0.0,
    "meanResTime" : 4.017094017094018,
    "medianResTime" : 4.0,
    "minResTime" : 1.0,
    "maxResTime" : 29.0,
    "pct1ResTime" : 6.0,
    "pct2ResTime" : 7.099999999999994,
    "pct3ResTime" : 27.019999999999925,
    "throughput" : 0.16811963220597384,
    "receivedKBytesPerSec" : 0.041044832081536586,
    "sentKBytesPerSec" : 0.02380600260729122
  },
  "getStatus Request" : {
    "transaction" : "getStatus Request",
    "sampleCount" : 302,
    "errorCount" : 0,
    "errorPct" : 0.0,
    "meanResTime" : 21.21192052980132,
    "medianResTime" : 19.0,
    "minResTime" : 6.0,
    "maxResTime" : 209.0,
    "pct1ResTime" : 26.0,
    "pct2ResTime" : 30.0,
    "pct3ResTime" : 125.96999999999997,
    "throughput" : 0.505006588496552,
    "receivedKBytesPerSec" : 161.0708591811285,
    "sentKBytesPerSec" : 0.1163882371925647
  },
  "getHistory Request" : {
    "transaction" : "getHistory Request",
    "sampleCount" : 609,
    "errorCount" : 0,
    "errorPct" : 0.0,
    "meanResTime" : 13.822660098522178,
    "medianResTime" : 11.0,
    "minResTime" : 6.0,
    "maxResTime" : 139.0,
    "pct1ResTime" : 18.0,
    "pct2ResTime" : 20.0,
    "pct3ResTime" : 107.0,
    "throughput" : 1.0151235066933144,
    "receivedKBytesPerSec" : 4.141833675701377,
    "sentKBytesPerSec" : 0.19430098370301718
  },
  "Total" : {
    "transaction" : "Total",
    "sampleCount" : 1657,
    "errorCount" : 0,
    "errorPct" : 0.0,
    "meanResTime" : 17.690404345202175,
    "medianResTime" : 11.0,
    "minResTime" : 1.0,
    "maxResTime" : 410.0,
    "pct1ResTime" : 22.0,
    "pct2ResTime" : 30.0,
    "pct3ResTime" : 201.42000000000007,
    "throughput" : 2.3707531755501954,
    "receivedKBytesPerSec" : 142.72450723843383,
    "sentKBytesPerSec" : 0.5327169437672227
  },
  "getAllHistory Request" : {
    "transaction" : "getAllHistory Request",
    "sampleCount" : 204,
    "errorCount" : 0,
    "errorPct" : 0.0,
    "meanResTime" : 51.166666666666664,
    "medianResTime" : 13.0,
    "minResTime" : 5.0,
    "maxResTime" : 410.0,
    "pct1ResTime" : 132.0,
    "pct2ResTime" : 277.75,
    "pct3ResTime" : 408.0,
    "throughput" : 0.34003797090675125,
    "receivedKBytesPerSec" : 1.330877781352251,
    "sentKBytesPerSec" : 0.06807400784754297
  },
  "registry health Request" : {
    "transaction" : "registry health Request",
    "sampleCount" : 117,
    "errorCount" : 0,
    "errorPct" : 0.0,
    "meanResTime" : 3.5470085470085464,
    "medianResTime" : 3.0,
    "minResTime" : 1.0,
    "maxResTime" : 10.0,
    "pct1ResTime" : 5.0,
    "pct2ResTime" : 6.0,
    "pct3ResTime" : 9.639999999999986,
    "throughput" : 0.16810272369515647,
    "receivedKBytesPerSec" : 0.04104070402713781,
    "sentKBytesPerSec" : 0.02380360833573993
  },
  "getData Request" : {
    "transaction" : "getData Request",
    "sampleCount" : 308,
    "errorCount" : 0,
    "errorPct" : 0.0,
    "meanResTime" : 10.279220779220768,
    "medianResTime" : 10.0,
    "minResTime" : 4.0,
    "maxResTime" : 38.0,
    "pct1ResTime" : 14.0,
    "pct2ResTime" : 16.0,
    "pct3ResTime" : 20.0,
    "throughput" : 0.5134026426900965,
    "receivedKBytesPerSec" : 0.15392051885337854,
    "sentKBytesPerSec" : 0.18701092355801366
  }
}