{
  "Total" : {
    "transaction" : "Total",
    "sampleCount" : 20196,
    "errorCount" : 0,
    "errorPct" : 0.0,
    "meanResTime" : 6.652653990889322,
    "medianResTime" : 6.0,
    "minResTime" : 0.0,
    "maxResTime" : 139.0,
    "pct1ResTime" : 11.0,
    "pct2ResTime" : 13.0,
    "pct3ResTime" : 17.0,
    "throughput" : 33.66280523376948,
    "receivedKBytesPerSec" : 858.4170767485831,
    "sentKBytesPerSec" : 9.024243231206766
  },
  "getAppLog Request" : {
    "transaction" : "getAppLog Request",
    "sampleCount" : 5049,
    "errorCount" : 0,
    "errorPct" : 0.0,
    "meanResTime" : 10.504852446028897,
    "medianResTime" : 11.0,
    "minResTime" : 1.0,
    "maxResTime" : 94.0,
    "pct1ResTime" : 15.0,
    "pct2ResTime" : 16.0,
    "pct3ResTime" : 21.0,
    "throughput" : 8.416837676225976,
    "receivedKBytesPerSec" : 848.2194849521312,
    "sentKBytesPerSec" : 1.1425199580033307
  },
  "addAppLog Request" : {
    "transaction" : "addAppLog Request",
    "sampleCount" : 10049,
    "errorCount" : 0,
    "errorPct" : 0.0,
    "meanResTime" : 6.251567320131332,
    "medianResTime" : 6.0,
    "minResTime" : 1.0,
    "maxResTime" : 43.0,
    "pct1ResTime" : 9.0,
    "pct2ResTime" : 10.0,
    "pct3ResTime" : 10.0,
    "throughput" : 16.74972914409534,
    "receivedKBytesPerSec" : 3.9257177681473454,
    "sentKBytesPerSec" : 6.804577464788732
  },
  "getUser Http Request" : {
    "transaction" : "getUser Http Request",
    "sampleCount" : 2049,
    "errorCount" : 0,
    "errorPct" : 0.0,
    "meanResTime" : 3.547096144460714,
    "medianResTime" : 4.0,
    "minResTime" : 1.0,
    "maxResTime" : 52.0,
    "pct1ResTime" : 5.0,
    "pct2ResTime" : 5.0,
    "pct3ResTime" : 5.0,
    "throughput" : 3.4153586126543285,
    "receivedKBytesPerSec" : 0.9172105649218167,
    "sentKBytesPerSec" : 0.4569376268883233
  },
  "getAllUsers Request" : {
    "transaction" : "getAllUsers Request",
    "sampleCount" : 3049,
    "errorCount" : 0,
    "errorPct" : 0.0,
    "meanResTime" : 3.6825188586421773,
    "medianResTime" : 4.0,
    "minResTime" : 0.0,
    "maxResTime" : 139.0,
    "pct1ResTime" : 5.0,
    "pct2ResTime" : 5.0,
    "pct3ResTime" : 5.0,
    "throughput" : 5.082378199614612,
    "receivedKBytesPerSec" : 5.469512476538381,
    "sentKBytesPerSec" : 0.6204074950701431
  }
}