{
  "HTTP Request-1" : {
    "transaction" : "HTTP Request-1",
    "sampleCount" : 1839,
    "errorCount" : 0,
    "errorPct" : 0.0,
    "meanResTime" : 15.689505165851019,
    "medianResTime" : 9.0,
    "minResTime" : 1.0,
    "maxResTime" : 282.0,
    "pct1ResTime" : 31.0,
    "pct2ResTime" : 56.0,
    "pct3ResTime" : 100.19999999999982,
    "throughput" : 32.1306892635625,
    "receivedKBytesPerSec" : 11.671180221892199,
    "sentKBytesPerSec" : 3.92220327924347
  },
  "Total" : {
    "transaction" : "Total",
    "sampleCount" : 5678,
    "errorCount" : 161,
    "errorPct" : 2.8355055,
    "meanResTime" : 6684.985558295171,
    "medianResTime" : 1434.0,
    "minResTime" : 1.0,
    "maxResTime" : 109028.0,
    "pct1ResTime" : 8494.900000000182,
    "pct2ResTime" : 28183.4,
    "pct3ResTime" : 108151.63,
    "throughput" : 51.99967030853627,
    "receivedKBytesPerSec" : 24.915217851075617,
    "sentKBytesPerSec" : 8.19061132009378
  },
  "HTTP Request-0" : {
    "transaction" : "HTTP Request-0",
    "sampleCount" : 1839,
    "errorCount" : 0,
    "errorPct" : 0.0,
    "meanResTime" : 5582.090266449156,
    "medianResTime" : 3167.0,
    "minResTime" : 14.0,
    "maxResTime" : 55832.0,
    "pct1ResTime" : 9713.0,
    "pct2ResTime" : 16385.0,
    "pct3ResTime" : 54215.799999999996,
    "throughput" : 32.06905571540675,
    "receivedKBytesPerSec" : 9.238643980512686,
    "sentKBytesPerSec" : 3.8833622155375362
  },
  "HTTP Request" : {
    "transaction" : "HTTP Request",
    "sampleCount" : 2000,
    "errorCount" : 161,
    "errorPct" : 8.05,
    "meanResTime" : 13831.515500000003,
    "medianResTime" : 3357.5,
    "minResTime" : 20.0,
    "maxResTime" : 109028.0,
    "pct1ResTime" : 53596.9,
    "pct2ResTime" : 107678.95,
    "pct3ResTime" : 108224.99,
    "throughput" : 18.31619242991767,
    "receivedKBytesPerSec" : 13.945741428021943,
    "sentKBytesPerSec" : 4.09530566004689
  }
}