{
  "getimage_request" : {
    "transaction" : "getimage_request",
    "sampleCount" : 10,
    "errorCount" : 4,
    "errorPct" : 40.0,
    "meanResTime" : 8.799999999999999,
    "medianResTime" : 12.0,
    "minResTime" : 1.0,
    "maxResTime" : 16.0,
    "pct1ResTime" : 15.8,
    "pct2ResTime" : 16.0,
    "pct3ResTime" : 16.0,
    "throughput" : 0.3033244358165494,
    "receivedKBytesPerSec" : 53.979012318763644,
    "sentKBytesPerSec" : 0.06202747740232953
  },
  "Total" : {
    "transaction" : "Total",
    "sampleCount" : 46,
    "errorCount" : 9,
    "errorPct" : 19.565218,
    "meanResTime" : 997.1521739130436,
    "medianResTime" : 11.5,
    "minResTime" : 1.0,
    "maxResTime" : 4584.0,
    "pct1ResTime" : 3740.300000000002,
    "pct2ResTime" : 4407.749999999999,
    "pct3ResTime" : 4584.0,
    "throughput" : 1.2791991101223583,
    "receivedKBytesPerSec" : 99.31474967846218,
    "sentKBytesPerSec" : 0.2722208704115684
  },
  "getdata_request" : {
    "transaction" : "getdata_request",
    "sampleCount" : 10,
    "errorCount" : 4,
    "errorPct" : 40.0,
    "meanResTime" : 2285.8,
    "medianResTime" : 2777.0,
    "minResTime" : 2.0,
    "maxResTime" : 4584.0,
    "pct1ResTime" : 4535.5,
    "pct2ResTime" : 4584.0,
    "pct3ResTime" : 4584.0,
    "throughput" : 0.2781022303798876,
    "receivedKBytesPerSec" : 0.4079737992936204,
    "sentKBytesPerSec" : 0.07924827228989377
  },
  "getdata_request-1" : {
    "transaction" : "getdata_request-1",
    "sampleCount" : 7,
    "errorCount" : 1,
    "errorPct" : 14.285714,
    "meanResTime" : 3252.714285714286,
    "medianResTime" : 2964.0,
    "minResTime" : 2023.0,
    "maxResTime" : 4574.0,
    "pct1ResTime" : 4574.0,
    "pct2ResTime" : 4574.0,
    "pct3ResTime" : 4574.0,
    "throughput" : 0.26960406716992763,
    "receivedKBytesPerSec" : 0.16978135591588353,
    "sentKBytesPerSec" : 0.05077643564165768
  },
  "getimage_request-1" : {
    "transaction" : "getimage_request-1",
    "sampleCount" : 6,
    "errorCount" : 0,
    "errorPct" : 0.0,
    "meanResTime" : 10.5,
    "medianResTime" : 10.5,
    "minResTime" : 9.0,
    "maxResTime" : 13.0,
    "pct1ResTime" : 13.0,
    "pct2ResTime" : 13.0,
    "pct3ResTime" : 13.0,
    "throughput" : 0.2916869227029655,
    "receivedKBytesPerSec" : 85.94936877126884,
    "sentKBytesPerSec" : 0.04984883932912008
  },
  "getimage_request-0" : {
    "transaction" : "getimage_request-0",
    "sampleCount" : 6,
    "errorCount" : 0,
    "errorPct" : 0.0,
    "meanResTime" : 2.5,
    "medianResTime" : 2.5,
    "minResTime" : 2.0,
    "maxResTime" : 3.0,
    "pct1ResTime" : 3.0,
    "pct2ResTime" : 3.0,
    "pct3ResTime" : 3.0,
    "throughput" : 0.2918146004571762,
    "receivedKBytesPerSec" : 0.09831644253684159,
    "sentKBytesPerSec" : 0.04958568406205924
  },
  "getdata_request-0" : {
    "transaction" : "getdata_request-0",
    "sampleCount" : 7,
    "errorCount" : 0,
    "errorPct" : 0.0,
    "meanResTime" : 10.857142857142858,
    "medianResTime" : 9.0,
    "minResTime" : 4.0,
    "maxResTime" : 25.0,
    "pct1ResTime" : 25.0,
    "pct2ResTime" : 25.0,
    "pct3ResTime" : 25.0,
    "throughput" : 0.2920682605248884,
    "receivedKBytesPerSec" : 0.11266304971419035,
    "sentKBytesPerSec" : 0.06388993198981933
  }
}