{
  "getimage_request" : {
    "transaction" : "getimage_request",
    "sampleCount" : 20,
    "errorCount" : 17,
    "errorPct" : 85.0,
    "meanResTime" : 6.100000000000001,
    "medianResTime" : 2.0,
    "minResTime" : 1.0,
    "maxResTime" : 48.0,
    "pct1ResTime" : 17.50000000000001,
    "pct2ResTime" : 46.49999999999998,
    "pct3ResTime" : 48.0,
    "throughput" : 0.5972823652381662,
    "receivedKBytesPerSec" : 27.557377603777812,
    "sentKBytesPerSec" : 0.05089149059280275
  },
  "Total" : {
    "transaction" : "Total",
    "sampleCount" : 64,
    "errorCount" : 36,
    "errorPct" : 56.25,
    "meanResTime" : 672.109375,
    "medianResTime" : 4.0,
    "minResTime" : 1.0,
    "maxResTime" : 4469.0,
    "pct1ResTime" : 3104.5,
    "pct2ResTime" : 3682.75,
    "pct3ResTime" : 4469.0,
    "throughput" : 1.6860296635843937,
    "receivedKBytesPerSec" : 48.99874494520403,
    "sentKBytesPerSec" : 0.22835081930503962
  },
  "getdata_request" : {
    "transaction" : "getdata_request",
    "sampleCount" : 20,
    "errorCount" : 15,
    "errorPct" : 75.0,
    "meanResTime" : 1070.6999999999996,
    "medianResTime" : 3.0,
    "minResTime" : 1.0,
    "maxResTime" : 4469.0,
    "pct1ResTime" : 3634.200000000001,
    "pct2ResTime" : 4429.799999999999,
    "pct3ResTime" : 4469.0,
    "throughput" : 0.5269120320362515,
    "receivedKBytesPerSec" : 1.0932395539689648,
    "sentKBytesPerSec" : 0.06928584483757937
  },
  "getdata_request-1" : {
    "transaction" : "getdata_request-1",
    "sampleCount" : 7,
    "errorCount" : 2,
    "errorPct" : 28.571428,
    "meanResTime" : 3032.714285714286,
    "medianResTime" : 2945.0,
    "minResTime" : 1683.0,
    "maxResTime" : 4440.0,
    "pct1ResTime" : 4440.0,
    "pct2ResTime" : 4440.0,
    "pct3ResTime" : 4440.0,
    "throughput" : 0.5142899125707149,
    "receivedKBytesPerSec" : 0.4798508559253545,
    "sentKBytesPerSec" : 0.08071653901256337
  },
  "getimage_request-1" : {
    "transaction" : "getimage_request-1",
    "sampleCount" : 5,
    "errorCount" : 2,
    "errorPct" : 40.0,
    "meanResTime" : 16.4,
    "medianResTime" : 11.0,
    "minResTime" : 2.0,
    "maxResTime" : 45.0,
    "pct1ResTime" : 45.0,
    "pct2ResTime" : 45.0,
    "pct3ResTime" : 45.0,
    "throughput" : 0.7490636704119851,
    "receivedKBytesPerSec" : 132.55018141385767,
    "sentKBytesPerSec" : 0.12801381086142322
  },
  "getimage_request-0" : {
    "transaction" : "getimage_request-0",
    "sampleCount" : 5,
    "errorCount" : 0,
    "errorPct" : 0.0,
    "meanResTime" : 2.4,
    "medianResTime" : 2.0,
    "minResTime" : 2.0,
    "maxResTime" : 3.0,
    "pct1ResTime" : 3.0,
    "pct2ResTime" : 3.0,
    "pct3ResTime" : 3.0,
    "throughput" : 0.749737591842855,
    "receivedKBytesPerSec" : 0.25259713787674315,
    "sentKBytesPerSec" : 0.12739681736392264
  },
  "getdata_request-0" : {
    "transaction" : "getdata_request-0",
    "sampleCount" : 7,
    "errorCount" : 0,
    "errorPct" : 0.0,
    "meanResTime" : 22.285714285714285,
    "medianResTime" : 8.0,
    "minResTime" : 5.0,
    "maxResTime" : 94.0,
    "pct1ResTime" : 94.0,
    "pct2ResTime" : 94.0,
    "pct3ResTime" : 94.0,
    "throughput" : 0.5854311282094171,
    "receivedKBytesPerSec" : 0.22582548402609348,
    "sentKBytesPerSec" : 0.12806305929580997
  }
}