{
  "Total" : {
    "transaction" : "Total",
    "sampleCount" : 80190,
    "errorCount" : 0,
    "errorPct" : 0.0,
    "meanResTime" : 5.1180945255018555,
    "medianResTime" : 2.0,
    "minResTime" : 0.0,
    "maxResTime" : 63.0,
    "pct1ResTime" : 21.0,
    "pct2ResTime" : 23.950000000000728,
    "pct3ResTime" : 31.0,
    "throughput" : 133.66002450183765,
    "receivedKBytesPerSec" : 13470.680367759353,
    "sentKBytesPerSec" : 35.97615361516697
  },
  "getAppLog Request" : {
    "transaction" : "getAppLog Request",
    "sampleCount" : 20047,
    "errorCount" : 0,
    "errorPct" : 0.0,
    "meanResTime" : 13.112435775926603,
    "medianResTime" : 13.0,
    "minResTime" : 0.0,
    "maxResTime" : 63.0,
    "pct1ResTime" : 21.0,
    "pct2ResTime" : 24.0,
    "pct3ResTime" : 31.0,
    "throughput" : 33.41417272962139,
    "receivedKBytesPerSec" : 13435.206060050858,
    "sentKBytesPerSec" : 4.535712899821653
  },
  "addAppLog Request" : {
    "transaction" : "addAppLog Request",
    "sampleCount" : 40045,
    "errorCount" : 0,
    "errorPct" : 0.0,
    "meanResTime" : 3.1451367211886447,
    "medianResTime" : 2.0,
    "minResTime" : 1.0,
    "maxResTime" : 51.0,
    "pct1ResTime" : 5.0,
    "pct2ResTime" : 6.0,
    "pct3ResTime" : 15.0,
    "throughput" : 66.74689517345526,
    "receivedKBytesPerSec" : 15.643001084564125,
    "sentKBytesPerSec" : 27.115926164216198
  },
  "getUser Http Request" : {
    "transaction" : "getUser Http Request",
    "sampleCount" : 12049,
    "errorCount" : 0,
    "errorPct" : 0.0,
    "meanResTime" : 1.0729521122084873,
    "medianResTime" : 1.0,
    "minResTime" : 0.0,
    "maxResTime" : 31.0,
    "pct1ResTime" : 2.0,
    "pct2ResTime" : 3.0,
    "pct3ResTime" : 3.0,
    "throughput" : 20.08367503417008,
    "receivedKBytesPerSec" : 5.393565072653098,
    "sentKBytesPerSec" : 2.6869760543762706
  },
  "getAllUsers Request" : {
    "transaction" : "getAllUsers Request",
    "sampleCount" : 8049,
    "errorCount" : 0,
    "errorPct" : 0.0,
    "meanResTime" : 1.0783948316561074,
    "medianResTime" : 1.0,
    "minResTime" : 0.0,
    "maxResTime" : 26.0,
    "pct1ResTime" : 2.0,
    "pct2ResTime" : 3.0,
    "pct3ResTime" : 3.0,
    "throughput" : 13.417705904023977,
    "receivedKBytesPerSec" : 14.439757720932054,
    "sentKBytesPerSec" : 1.637903552737302
  }
}