{
  "getimage_request" : {
    "transaction" : "getimage_request",
    "sampleCount" : 10,
    "errorCount" : 0,
    "errorPct" : 0.0,
    "meanResTime" : 13.8,
    "medianResTime" : 13.0,
    "minResTime" : 12.0,
    "maxResTime" : 20.0,
    "pct1ResTime" : 19.5,
    "pct2ResTime" : 20.0,
    "pct3ResTime" : 20.0,
    "throughput" : 0.2977342424152202,
    "receivedKBytesPerSec" : 87.83160151248994,
    "sentKBytesPerSec" : 0.10147387754190608
  },
  "Total" : {
    "transaction" : "Total",
    "sampleCount" : 60,
    "errorCount" : 0,
    "errorPct" : 0.0,
    "meanResTime" : 1130.2833333333328,
    "medianResTime" : 13.0,
    "minResTime" : 2.0,
    "maxResTime" : 4990.0,
    "pct1ResTime" : 4493.799999999999,
    "pct2ResTime" : 4884.75,
    "pct3ResTime" : 4990.0,
    "throughput" : 1.555250265688587,
    "receivedKBytesPerSec" : 153.29796084009436,
    "sentKBytesPerSec" : 0.4040005572980119
  },
  "getdata_request" : {
    "transaction" : "getdata_request",
    "sampleCount" : 10,
    "errorCount" : 0,
    "errorPct" : 0.0,
    "meanResTime" : 3377.6,
    "medianResTime" : 2728.0,
    "minResTime" : 2404.0,
    "maxResTime" : 4990.0,
    "pct1ResTime" : 4979.5,
    "pct2ResTime" : 4990.0,
    "pct3ResTime" : 4990.0,
    "throughput" : 0.2593159245909291,
    "receivedKBytesPerSec" : 0.18258474768560537,
    "sentKBytesPerSec" : 0.11370395521613981
  },
  "getdata_request-1" : {
    "transaction" : "getdata_request-1",
    "sampleCount" : 10,
    "errorCount" : 0,
    "errorPct" : 0.0,
    "meanResTime" : 3362.4,
    "medianResTime" : 2707.5,
    "minResTime" : 2388.0,
    "maxResTime" : 4962.0,
    "pct1ResTime" : 4953.8,
    "pct2ResTime" : 4962.0,
    "pct3ResTime" : 4962.0,
    "throughput" : 0.2595043466978072,
    "receivedKBytesPerSec" : 0.08261564162449722,
    "sentKBytesPerSec" : 0.05701999805371741
  },
  "getimage_request-1" : {
    "transaction" : "getimage_request-1",
    "sampleCount" : 10,
    "errorCount" : 0,
    "errorPct" : 0.0,
    "meanResTime" : 11.0,
    "medianResTime" : 10.0,
    "minResTime" : 9.0,
    "maxResTime" : 16.0,
    "pct1ResTime" : 15.700000000000001,
    "pct2ResTime" : 16.0,
    "pct3ResTime" : 16.0,
    "throughput" : 0.29776083849452123,
    "receivedKBytesPerSec" : 87.73912754213315,
    "sentKBytesPerSec" : 0.050886862047403524
  },
  "getimage_request-0" : {
    "transaction" : "getimage_request-0",
    "sampleCount" : 10,
    "errorCount" : 0,
    "errorPct" : 0.0,
    "meanResTime" : 2.5999999999999996,
    "medianResTime" : 2.5,
    "minResTime" : 2.0,
    "maxResTime" : 4.0,
    "pct1ResTime" : 3.9000000000000004,
    "pct2ResTime" : 4.0,
    "pct3ResTime" : 4.0,
    "throughput" : 0.2978229144950413,
    "receivedKBytesPerSec" : 0.10034072802811449,
    "sentKBytesPerSec" : 0.05060662804896209
  },
  "getdata_request-0" : {
    "transaction" : "getdata_request-0",
    "sampleCount" : 10,
    "errorCount" : 0,
    "errorPct" : 0.0,
    "meanResTime" : 14.3,
    "medianResTime" : 11.0,
    "minResTime" : 4.0,
    "maxResTime" : 27.0,
    "pct1ResTime" : 27.0,
    "pct2ResTime" : 27.0,
    "pct3ResTime" : 27.0,
    "throughput" : 0.27799399532970087,
    "receivedKBytesPerSec" : 0.10723401187034359,
    "sentKBytesPerSec" : 0.06081118647837207
  }
}