{
  "getimage_request" : {
    "transaction" : "getimage_request",
    "sampleCount" : 20,
    "errorCount" : 4,
    "errorPct" : 20.0,
    "meanResTime" : 17.849999999999998,
    "medianResTime" : 13.5,
    "minResTime" : 5.0,
    "maxResTime" : 69.0,
    "pct1ResTime" : 32.500000000000014,
    "pct2ResTime" : 67.19999999999997,
    "pct3ResTime" : 69.0,
    "throughput" : 0.48742444921037237,
    "receivedKBytesPerSec" : 115.16606893704915,
    "sentKBytesPerSec" : 0.14951173779001756
  },
  "Total" : {
    "transaction" : "Total",
    "sampleCount" : 116,
    "errorCount" : 10,
    "errorPct" : 8.620689,
    "meanResTime" : 1218.3965517241384,
    "medianResTime" : 15.0,
    "minResTime" : 2.0,
    "maxResTime" : 7804.0,
    "pct1ResTime" : 3313.7,
    "pct2ResTime" : 5529.2,
    "pct3ResTime" : 7802.64,
    "throughput" : 2.6499748709279483,
    "receivedKBytesPerSec" : 216.65190988086536,
    "sentKBytesPerSec" : 0.6608874560241239
  },
  "getdata_request" : {
    "transaction" : "getdata_request",
    "sampleCount" : 20,
    "errorCount" : 2,
    "errorPct" : 10.0,
    "meanResTime" : 3516.1000000000004,
    "medianResTime" : 2769.5,
    "minResTime" : 2500.0,
    "maxResTime" : 7804.0,
    "pct1ResTime" : 5779.000000000001,
    "pct2ResTime" : 7704.0999999999985,
    "pct3ResTime" : 7804.0,
    "throughput" : 0.45700706075908876,
    "receivedKBytesPerSec" : 0.42009838505129904,
    "sentKBytesPerSec" : 0.19034522598999154
  },
  "getdata_request-1" : {
    "transaction" : "getdata_request-1",
    "sampleCount" : 20,
    "errorCount" : 2,
    "errorPct" : 10.0,
    "meanResTime" : 3489.8999999999996,
    "medianResTime" : 2764.5,
    "minResTime" : 2362.0,
    "maxResTime" : 7796.0,
    "pct1ResTime" : 5771.000000000001,
    "pct2ResTime" : 7696.0999999999985,
    "pct3ResTime" : 7796.0,
    "throughput" : 0.45719510801234425,
    "receivedKBytesPerSec" : 0.24391180420619502,
    "sentKBytesPerSec" : 0.09041211852783176
  },
  "getimage_request-1" : {
    "transaction" : "getimage_request-1",
    "sampleCount" : 18,
    "errorCount" : 2,
    "errorPct" : 11.111111,
    "meanResTime" : 15.16666666666667,
    "medianResTime" : 12.0,
    "minResTime" : 2.0,
    "maxResTime" : 54.0,
    "pct1ResTime" : 31.500000000000036,
    "pct2ResTime" : 54.0,
    "pct3ResTime" : 54.0,
    "throughput" : 0.4895694508662659,
    "receivedKBytesPerSec" : 128.25067528286235,
    "sentKBytesPerSec" : 0.08366665420077786
  },
  "getimage_request-0" : {
    "transaction" : "getimage_request-0",
    "sampleCount" : 18,
    "errorCount" : 0,
    "errorPct" : 0.0,
    "meanResTime" : 3.777777777777778,
    "medianResTime" : 3.0,
    "minResTime" : 2.0,
    "maxResTime" : 15.0,
    "pct1ResTime" : 9.600000000000009,
    "pct2ResTime" : 15.0,
    "pct3ResTime" : 15.0,
    "throughput" : 0.4897292885321725,
    "receivedKBytesPerSec" : 0.16499668412460888,
    "sentKBytesPerSec" : 0.08321571894980274
  },
  "getdata_request-0" : {
    "transaction" : "getdata_request-0",
    "sampleCount" : 20,
    "errorCount" : 0,
    "errorPct" : 0.0,
    "meanResTime" : 25.799999999999997,
    "medianResTime" : 8.0,
    "minResTime" : 4.0,
    "maxResTime" : 138.0,
    "pct1ResTime" : 88.80000000000001,
    "pct2ResTime" : 135.54999999999995,
    "pct3ResTime" : 138.0,
    "throughput" : 0.5268148772521336,
    "receivedKBytesPerSec" : 0.203214723158782,
    "sentKBytesPerSec" : 0.11524075439890423
  }
}