{
  "Total" : {
    "transaction" : "Total",
    "sampleCount" : 242995,
    "errorCount" : 0,
    "errorPct" : 0.0,
    "meanResTime" : 491.0116669067253,
    "medianResTime" : 1489.0,
    "minResTime" : 0.0,
    "maxResTime" : 6846.0,
    "pct1ResTime" : 2082.0,
    "pct2ResTime" : 2437.9500000000007,
    "pct3ResTime" : 3030.0,
    "throughput" : 403.9145611702128,
    "receivedKBytesPerSec" : 124227.96661052297,
    "sentKBytesPerSec" : 99.20120563912899
  },
  "getAppLog Request" : {
    "transaction" : "getAppLog Request",
    "sampleCount" : 64526,
    "errorCount" : 0,
    "errorPct" : 0.0,
    "meanResTime" : 550.7424913988152,
    "medianResTime" : 1176.0,
    "minResTime" : 1.0,
    "maxResTime" : 6846.0,
    "pct1ResTime" : 1794.9000000000015,
    "pct2ResTime" : 2020.0,
    "pct3ResTime" : 2677.0,
    "throughput" : 107.25731382978724,
    "receivedKBytesPerSec" : 124111.25071261791,
    "sentKBytesPerSec" : 14.559342404629321
  },
  "addAppLog Request" : {
    "transaction" : "addAppLog Request",
    "sampleCount" : 100627,
    "errorCount" : 0,
    "errorPct" : 0.0,
    "meanResTime" : 357.390123923004,
    "medianResTime" : 1120.0,
    "minResTime" : 1.0,
    "maxResTime" : 4558.0,
    "pct1ResTime" : 1675.9000000000015,
    "pct2ResTime" : 1978.0,
    "pct3ResTime" : 2603.980000000003,
    "throughput" : 167.30706242071258,
    "receivedKBytesPerSec" : 39.18118595955863,
    "sentKBytesPerSec" : 67.96849410841448
  },
  "getUser Http Request" : {
    "transaction" : "getUser Http Request",
    "sampleCount" : 45963,
    "errorCount" : 0,
    "errorPct" : 0.0,
    "meanResTime" : 603.622500707091,
    "medianResTime" : 1092.0,
    "minResTime" : 0.0,
    "maxResTime" : 6726.0,
    "pct1ResTime" : 1662.0,
    "pct2ResTime" : 1948.9500000000007,
    "pct3ResTime" : 2571.970000000005,
    "throughput" : 76.41040816055113,
    "receivedKBytesPerSec" : 20.520137882193346,
    "sentKBytesPerSec" : 10.222876873042484
  },
  "getAllUsers Request" : {
    "transaction" : "getAllUsers Request",
    "sampleCount" : 31879,
    "errorCount" : 0,
    "errorPct" : 0.0,
    "meanResTime" : 629.5295649173413,
    "medianResTime" : 940.0,
    "minResTime" : 0.0,
    "maxResTime" : 5866.0,
    "pct1ResTime" : 1609.0,
    "pct2ResTime" : 1806.9500000000007,
    "pct3ResTime" : 2518.980000000003,
    "throughput" : 53.0068355689019,
    "receivedKBytesPerSec" : 57.04446562200185,
    "sentKBytesPerSec" : 6.47056098253197
  }
}